method,line_item,unit,bull,base,bear,source,note
DCF,Enterprise Value,VND bn,191456.5540621359,145226.08127844165,110200.8435955915,Formula,
DCF,Equity Value,VND bn,209108.54230456255,162878.0695208683,127852.83183801816,Formula,
DCF,Target Price,VND/share,142403.42665100578,110920.3620782273,87068.089902568,Formula,
DCF,Upside / Downside,%,0.8140563904586724,0.41299824303474275,0.10914764207092986,Formula,
SOTP,DCF Target Price,VND/share,142403.42665100578,110920.3620782273,87068.089902568,20_DCF,
SOTP,SOTP Target Price,VND/share,110240.25069833641,88476.23095131665,69671.27356876449,SOTP bridge below,
SOTP,SOTP equity value,VND bn,161879.37796829588,129920.57928615142,102306.93740376958,Formula,
SOTP,Upside / Downside,%,0.4043344038004639,0.12708574460276,-0.11246785262720393,SOTP bridge below,
